Sentence,ItemNumber,Condition,Group
एक बटन मशीन पर रखा था और,1,And,A
एक बटन मशीन पर रखा था लेकिन,1,But,B
एक बटन मशीन पर रखा था। वह,1,noConn,C
एक शंक रेत में पड़ा था और,2,And,C
एक शंक रेत में पड़ा था लेकिन,2,But,A
एक शंक रेत में पड़ा था। वह,2,noConn,B
एक कप मेज़ पर रखा था। और,3,And,B
एक कप मेज़ पर रखा था लेकिन,3,But,C
एक कप मेज़ पर रखा था। वह,3,noConn,A
एक विमान शहर के ऊपर था और,4,And,A
एक विमान शहर के ऊपर था लेकिन,4,But,B
एक विमान शहर के ऊपर था। वह,4,noConn,C
एक अंगूठी बक्से में रखी थी और,5,And,C
एक अंगूठी बक्से में रखी थी लेकिन,5,But,A
एक अंगूठी बक्से में रखी थी। वह,5,noConn,B
एक चूहा घर के अंदर था और,6,And,B
एक चूहा घर के अंदर था लेकिन,6,But,C
एक चूहा घर के अंदर था। वह,6,noConn,A
एक झूला बाग़ में टंगा था और,7,And,A
एक झूला बाग़ में टंगा था लेकिन,7,But,B
एक झूला बाग़ में टंगा था। वह,7,noConn,C
एक तौलिया कमरे में पड़ा था और,8,And,C
एक तौलिया कमरे में पड़ा था लेकिन,8,But,A
एक तौलिया कमरे में पड़ा था। वह,8,noConn,B
एक घड़ी ढाबे में दिखती थी और,9,And,B
एक घड़ी ढाबे में दिखती थी लेकिन,9,But,C
एक घड़ी ढाबे में दिखती थी। वह,9,noConn,A
एक कुत्ता रसोई में खड़ा था और,10,And,A
एक कुत्ता रसोई में खड़ा था लेकिन,10,But,B
एक कुत्ता रसोई में खड़ा था। वह,10,noConn,C
एक कीड़ा गमले पर बैठा था और,11,And,C
एक कीड़ा गमले पर बैठा था लेकिन,11,But,A
एक कीड़ा गमले पर बैठा था। वह,11,noConn,B
एक टैटू गर्दन पे बना था और,12,And,B
एक टैटू गर्दन पे बना था लेकिन,12,But,C
एक टैटू गर्दन पे बना था। वह,12,noConn,A
एक दुपट्टा कुर्सी पर रखा था और,13,And,A
एक दुपट्टा कुर्सी पर रखा था लेकिन,13,But,B
एक दुपट्टा कुर्सी पर रखा था। वह,13,noConn,C
एक तितली बगीचे में उड़ती थी और,14,And,C
एक तितली बगीचे में उड़ती थी लेकिन,14,But,A
एक तितली बगीचे में उड़ती थी। वह,14,noConn,B
एक मोमबत्ती पट्टी पर रखी थी और,15,And,B
एक मोमबत्ती पट्टी पर रखी थी लेकिन,15,But,C
एक मोमबत्ती पट्टी पर रखी थी। वह,15,noConn,A
एक घर सड़क पर बना था और,16,And,A
एक घर सड़क पर बना था लेकिन,16,But,B
एक घर सड़क पर बना था। वह,16,noConn,C
एक सोफ़ा कक्ष में रखा था और,17,And,C
एक सोफ़ा कक्ष में रखा था लेकिन,17,But,A
एक सोफ़ा कक्ष में रखा था। वह,17,noConn,B
एक डिब्बा दावत में आया था और,18,And,B
एक डिब्बा दावत में आया था लेकिन,18,But,C
एक डिब्बा दावत में आया था। वह,18,noConn,A
एक बंदर चिड़ियाघर में रहता था और,19,And,A
एक बंदर चिड़ियाघर में रहता था लेकिन,19,But,B
एक बंदर चिड़ियाघर में रहता था। वह,19,noConn,C
एक कछुआ तालाब में रहता था और,20,And,C
एक कछुआ तालाब में रहता था लेकिन,20,But,A
एक कछुआ तालाब में रहता था। वह,20,noConn,B
एक हथौड़ा संदूक में रखा था और,21,And,B
एक हथौड़ा संदूक में रखा था लेकिन,21,But,C
एक हथौड़ा संदूक में रखा था। वह,21,noConn,A
एक गेंद दुकान में मिलती थी और,22,And,A
एक गेंद दुकान में मिलती थी लेकिन,22,But,B
एक गेंद दुकान में मिलती थी। वह,22,noConn,C
एक डब्बा घर के बाहर पड़ा था और,23,And,C
एक डब्बा घर के बाहर पड़ा था लेकिन,23,But,A
एक डब्बा घर के बाहर पड़ा था। वह,23,noConn,B
एक गुलदान खिड़की पर रखा था और,24,And,B
एक गुलदान खिड़की पर रखा था लेकिन,24,But,C
एक गुलदान खिड़की पर रखा था। वह,24,noConn,A
एक बत्ती कमरे में चलती थी और,25,And,A
एक बत्ती कमरे में चलती थी लेकिन,25,But,B
एक बत्ती कमरे में चलती थी। वह,25,noConn,C
एक गुब्बारा पार्टी में पड़ा था और,26,And,C
एक गुब्बारा पार्टी में पड़ा था लेकिन,26,But,A
एक गुब्बारा पार्टी में पड़ा था। वह,26,noConn,B
एक गाय खेत में खड़ी थी और,27,And,B
एक गाय खेत में खड़ी थी लेकिन,27,But,C
एक गाय खेत में खड़ी थी। वह,27,noConn,A
एक सितार मंच पर रखा था और,28,And,A
एक सितार मंच पर रखा था लेकिन,28,But,B
एक सितार मंच पर रखा था। वह,28,noConn,C
एक सेब पटल पर रखा था और,29,And,C
एक सेब पटल पर रखा था लेकिन,29,But,A
एक सेब पटल पर रखा था। वह,29,noConn,B
एक मीनार गाँव में स्थापित थी और,30,And,B
एक मीनार गाँव में स्थापित थी लेकिन,30,But,C
एक मीनार गाँव में स्थापित थी। वह,30,noConn,A
एक प्लेट अलमारी में रखी थी और,31,And,A
एक प्लेट अलमारी में रखी थी लेकिन,31,But,B
एक प्लेट अलमारी में रखी थी। वह,31,noConn,C
एक बिल्ली धूप में बैठी थी और,32,And,C
एक बिल्ली धूप में बैठी थी लेकिन,32,But,A
एक बिल्ली धूप में बैठी थी। वह,32,noConn,B
एक मिठाई बक्से में रखी थी और,33,And,B
एक मिठाई बक्से में रखी थी लेकिन,33,But,C
एक मिठाई बक्से में रखी थी। वह,33,noConn,A
एक चाबी मेज़ पर रखी थी और,34,And,A
एक चाबी मेज़ पर रखी थी लेकिन,34,But,B
एक चाबी मेज़ पर रखी थी। वह,34,noConn,C
एक कटोरी टिफ़िन में बंद थी और,35,And,C
एक कटोरी टिफ़िन में बंद थी लेकिन,35,But,A
एक कटोरी टिफ़िन में बंद थी। वह,35,noConn,B
एक काग़ज़ मेज़ पर रखा था और,36,And,B
एक काग़ज़ मेज़ पर रखा था लेकिन,36,But,C
एक काग़ज़ मेज़ पर रखा था। वह,36,noConn,A
एक छिपकली दुकान में रहती थी और,37,And,A
एक छिपकली दुकान में रहती थी लेकिन,37,But,B
एक छिपकली दुकान में रहती थी। वह,37,noConn,C
एक किताब कक्ष में रखी थी और,38,And,C
एक किताब कक्ष में रखी थी लेकिन,38,But,A
एक किताब कक्ष में रखी थी। वह,38,noConn,B
एक चिड़िया पेड़ के नीचे बैठी थी और,39,And,B
एक चिड़िया पेड़ के नीचे बैठी थी लेकिन,39,But,C
एक चिड़िया पेड़ के नीचे बैठी थी। वह,39,noConn,A
एक मगरमछ जंगल में रहता था और,40,And,A
एक मगरमछ जंगल में रहता था लेकिन,40,But,B
एक मगरमछ जंगल में रहता था। वह,40,noConn,C
एक कैमरा दराज़ में रखा था और,41,And,C
एक कैमरा दराज़ में रखा था लेकिन,41,But,A
एक कैमरा दराज़ में रखा था। वह,41,noConn,B
एक टाई बिस्तर पर रखी थी और,42,And,B
एक टाई बिस्तर पर रखी थी लेकिन,42,But,C
एक टाई बिस्तर पर रखी थी। वह,42,noConn,A
एक कलम थैली में रखा था और,43,And,A
एक कलम थैली में रखा था लेकिन,43,But,B
एक कलम थैली में रखा था। वह,43,noConn,C
एक बोतल टोकरी में रखी थी और,44,And,C
एक बोतल टोकरी में रखी थी लेकिन,44,But,A
एक बोतल टोकरी में रखी थी। वह,44,noConn,B
एक गाड़ी मोटरखाने में खड़ी थी और,45,And,B
एक गाड़ी मोटरखाने में खड़ी थी लेकिन,45,But,C
एक गाड़ी मोटरखाने में खड़ी थी। वह,45,noConn,A
एक सितारा कार्ड पर बना था और,46,And,A
एक सितारा कार्ड पर बना था लेकिन,46,But,B
एक सितारा कार्ड पर बना था। वह,46,noConn,C
एक कंघा मेज़ पर रखा था और,47,And,C
एक कंघा मेज़ पर रखा था लेकिन,47,But,A
एक कंघा मेज़ पर रखा था। वह,47,noConn,B
एक सीड़ी दिवार से लगी थी और,48,And,B
एक सीड़ी दिवार से लगी थी लेकिन,48,But,C
एक सीड़ी दिवार से लगी थी। वह,48,noConn,A