Sentence,ItemNumber
वह लड़के उस पुलिसवाले को जानते हैं जिसने,1
राम लस्सी बना रहा था ताकि,2
जो किसी हलवाई ने बनाई थी मुझे,3
हाथी उस फल को फेंक रहा है जिसमें,4
शहद भालू के हाथ से नीचे,5
गणित पढ़ाता हुआ अध्यापक,6
क़ुल्फ़ी बनाने वाली रानी,7
छत पर मिर्च चाचीजी ने सुखाकर,8
भूतनी ने बच्चे को रुलाकर,9
चप्पल को बाहर फेंक,10
घाँस चरते समय बकरों ने,11
अध्यापिका ने मुझे खूब डाँटा जिस,12
मक्खी भिन-भिना रही थी लस्सी के ऊपर जिस,13
जिस घर में आग लगी थी वहाँ पर,14
पड़ोसियों ने तेंदुआ दूर से देखकर,15
चावल जल गए इसलिए,16
फ़ोन जो ज़मीन पर गिर गया था,17
मैंने खूब सारा आम,18
पापा ने ख़रबूज़े काटकर,19
मोज़े रस्सी पर,20
जो शेर बरसात में डर से छुप गया था,21
जहाँ पर फूल सजे हुए हैं,22
परीक्षा में मेरे पुत्र ने जो,23
"जाओ, मेरे लिए",24
ढक्कन जो मेरे हाथ से गिर गया था,25
राकेश ने अपनी माँ को,26
बर्तन माँजते समय मैंने,27
जैसे ही मैंने अपने दोस्त को आवाज़ दी,28
भागते-भागते मेरी घड़ी,29
गायक ने ग़ज़लें,30
जैसे ही सूरज डूबा,31
तुमको अपना ख़याल रखना चाहिए क्योंकि,32
क्या तुमने कल टीवी,33
चाय बहुत ठंडी थी इसलिए,34
मेरे डॉक्टर ने मुझे,35
घर के अंदर जो चुड़ैल चिल्ला रही थी,36
उस राक्षस ने मुझे,37
लड़के ने अपने मित्रों को,38
वह भैंस जो,39
चमगादड़ ने मेरे पौधे जो,40
वह गिलहरी जो आम खाती है,41
जब छत से पत्थर गिर,42
मेरे दिल में,43
कुत्ते ने बहुत शोर मचाया जिस कारण,44
चाँद आसमान में,45
चमकते हुए बर्तन जो ऊपर टाँगे हुए थे,46
पंखा अचानक से,47
पर्वत पर चट्टान,48
चलता हुआ आदमी ,49
तेंदुए ने नदी में,50
जैसे ही संगीतकार गिरा,51
क़ालीन पर शिकंजी जो,52
वह पुरुष जिसके बाल बहुत,53
मंत्री ने चिल्ला-चिल्लाकर,54
जंगल में चलते समय बालों में,55
बिलकुल भी मत डरो। मैं,56
पत्ते बारिश में गल गए। जाओ,57
डायन ने लोगों को डराया। लोगों ने,58
जिस वकील को मैं जानती थी उसने,59
कवि ने बहुत लम्बी कविता लिखी। उसमें,60
सम्पादक ने मुझे ख़त भेजा। उन्होंने,61
जहाज़ का रंग सफ़ेद था। उसका,62
अजगर घर में घुस गया। मुझे,63
घोड़ा कीचड़ में सो रहा था। उसे,64
अंगूर खाता छछूंदर मेरे पास बैठ गया। क्या,65
जोकर ने बच्चे को रुला दिया। उसको,66
डाकिया घर के बाहर खड़ा हुआ है। उनको,67
रेलगाड़ी दो घंटे लेट है। क्या,68
चम्मच ज़मीन पर गिर गयी। उसको,69
छात्र ने गृहकार्य नहीं किया। उसको,70
पेट में दर्द हो रहा है। क्या,71
स्टेशन पर सामान मिल जाएगा। कहाँ,72
मोहल्ले के पास से रिक्शा मिलेगी। कैसे,73
बस बहुत दूर है। मुझे,74
दुकानदार ने अपनी दुकान जल्दी बंद कर दी। मैंने,75
मेरा भाई कल दिल्ली पहुँचेगा। जाओ,76
बच्चे का दांत टूट गया। उसको,77
पति का बटुआ खो गया। उसे,78
मोर के शरीर पर किसी ने गुलाल फेंक दिया। उसको,79
बिल्ली के सीने पर मिट्टी लगी हुई है। उसको,80
मेरे पड़ोसी की पत्नी ने मुझे पार्टी के लिए बुलाया है। क्या,81
सांड के सींग ने गाड़ी का शीशा तोड़ दिया। क्या,82
उसके परिवार ने गर्मी की छुट्टी में लम्बी यात्रा तय की। उन्हें,83
बीज बिखर गए। क्या,84
मेरी बहन ने मुझे बहुत हँसाया। मुझे,85
तुम्हारे मुँह में,86
कूलर के ऊपर जो डंडा रखा था आँधी में उड़ गया। क्या,87
अंडा किताब के नीचे फूट गया। किताब,88
मेरे फ़ोन का चार्जर ग़ायब हो गया। मैंने,89
क्या चाँद दिख रहा है? जब,90
पानी बहुत ही ज़्यादा ठंडा है। इसे,91
बारिश में मेरा छाता उड़ गया। क्या,92
क्या तुम्हें समुंदर देखना है? चलो,93
नमक कहाँ है? मुझे,94
उसने ऊपर से पत्थर फेंका। मुझे,95
धूल मेरे चेहरे पर चिपक गयी है। क्या,96
बादल गरज रहे हैं। मुझे,97
दिल्ली में बहुत धुँध होती है। इसको,98
बर्फ़ पिघल गयी है। जाओ,99
आग बुझ गयी है। जाओ,100
राख आसमान से गिर रहा है। यह,101
मुझे नया पासपोर्ट भेजा गया है। क्या,102
कंपनी का सबसा  पुराना कर्मचारी,103
होटल में चाय नहीं है। क्या,104
पहाड़ के ऊपर जाना बहुत मुश्किल है। मुझे,105
नक्शा काफ़ी ज़्यादा फट गया है। नया,106
किसी गायक ने मुझे फ़ोन पर कॉल किया। क्या,107
अभिनेता के कपड़े बहुत महँगे थे। मुझे,108
गली में बच्चे होली खेल रहे हैं। तुमको,109
फ़ोन झील में गिर गया। मुझे,110
उस हस्ताक्षर को मिटा दो। उसे,111
बचपन में मेरे चाचाजी ने मुझे स्वेटर बुनना सिखाया। क्या,112