Sentence,ItemNumber
दो बर्तन मेरी गाड़ी में रखे हैं इसलिए,1
नोटबुक में बच्चे ने गणित किया क्योंकि,2
उसकी टोपी समुद्र में,3
भूत को घर से भगा दिया था मगर,4
एक हवाई जहाज़ तुम्हारे घर के ऊपर से गया। क्या,5
क़ुल्फ़ी बहुत जल्दी पिघल गयी। यह,6
बुलबुल मेरे घर के बाहर जो पेड़ है उस पर हर सुबह गाती है। मुझे,7
"चना दाल कितने समय में गलती है? जाओ,",8